qx.MarketData,"<qx.MarketData instance>"
lv.ExposureSet,"<lv.ExposureSet instance>"
dr.RiskFactors,"<dr.RiskFactors instance>"
pm.ScenarioConfig,"<pm.ScenarioConfig instance>"
ht.PortfolioState,"<ht.PortfolioState instance>"
cs.YieldCurve,"<cs.YieldCurve instance>"
zn.VolSurface,"<zn.VolSurface instance>"
rf.StressDefinition,"<rf.StressDefinition instance>"
uk.CreditSpreadData,"<uk.CreditSpreadData instance>"
bj.LiquidityMetrics,"<bj.LiquidityMetrics instance>"
wa.TradeSet,"<wa.TradeSet instance>"
mn.PositionLimits,"<mn.PositionLimits instance>"
ty.BacktestParameters,"<ty.BacktestParameters instance>"
so.OptimizationConfig,"<so.OptimizationConfig instance>"
ae.ForwardCurve,"<ae.ForwardCurve instance>"
qh.HistoricalPrices,"<qh.HistoricalPrices instance>"
mv.GreekResults,"<mv.GreekResults instance>"
xr.PricingContext,"<xr.PricingContext instance>"
fd.RiskModelConfig,"<fd.RiskModelConfig instance>"
ul.CalibrationInput,"<ul.CalibrationInput instance>"
gp.StochasticProcess,"<gp.StochasticProcess instance>"
nb.FXSpotData,"<nb.FXSpotData instance>"
td.FundingCurve,"<td.FundingCurve instance>"
rk.CorrelationMatrix,"<rk.CorrelationMatrix instance>"
by.MarketRegimes,"<by.MarketRegimes instance>"
js.AuditTrail,"<js.AuditTrail instance>"
cl.CreditCurve,"<cl.CreditCurve instance>"
op.ModelParameters,"<op.ModelParameters instance>"
ia.StressScenarioSet,"<ia.StressScenarioSet instance>"
eh.AggregationContext,"<eh.AggregationContext instance>"
vt.VarResults,"<vt.VarResults instance>"
wk.SensitivityMap,"<wk.SensitivityMap instance>"
zf.TradeLifecycleEvent,"<zf.TradeLifecycleEvent instance>"
du.MarginRequirement,"<du.MarginRequirement instance>"
sk.PnLSeries,"<sk.PnLSeries instance>"
bo.TimeSeriesSet,"<bo.TimeSeriesSet instance>"
pe.PricingKernel,"<pe.PricingKernel instance>"
yd.AssetUniverse,"<yd.AssetUniverse instance>"
hg.CollateralSet,"<hg.CollateralSet instance>"
km.DefaultProbabilities,"<km.DefaultProbabilities instance>"
rf.MacroFactorData,"<rf.MacroFactorData instance>"
as.TermStructureSet,"<as.TermStructureSet instance>"
jj.MarketShockGrid,"<jj.MarketShockGrid instance>"
cx.StressProjection,"<cx.StressProjection instance>"
nv.CptyRiskProfile,"<nv.CptyRiskProfile instance>"
tb.ValuationReport,"<tb.ValuationReport instance>"
qd.TradeSnapshot,"<qd.TradeSnapshot instance>"
xi.ModelVersionInfo,"<xi.ModelVersionInfo instance>"
fm.RiskAttributionSet,"<fm.RiskAttributionSet instance>"
zl.SimulationConfig,"<zl.SimulationConfig instance>"